date,0.0833,0.25,0.5,1,2,3,5,7,10,20,30
2018-01-02,1.29,1.44,1.61,1.83,1.92,2.01,2.25,2.38,2.46,2.64,2.81
2018-01-03,1.29,1.41,1.59,1.81,1.94,2.02,2.25,2.37,2.44,2.62,2.78
2018-01-04,1.28,1.41,1.6,1.82,1.96,2.05,2.27,2.38,2.46,2.62,2.79
2018-01-05,1.27,1.39,1.58,1.8,1.96,2.06,2.29,2.4,2.47,2.64,2.81
2018-01-08,1.3,1.45,1.6,1.79,1.96,2.07,2.29,2.41,2.49,2.65,2.81
2018-01-09,1.27,1.44,1.6,1.78,1.98,2.09,2.33,2.46,2.55,2.72,2.88
2018-01-10,1.31,1.42,1.59,1.78,1.98,2.08,2.32,2.47,2.55,2.73,2.88
2018-01-11,1.32,1.43,1.58,1.77,1.98,2.09,2.32,2.46,2.54,2.72,2.91
2018-01-12,1.31,1.43,1.59,1.78,1.99,2.12,2.35,2.48,2.55,2.71,2.85
2018-01-16,1.33,1.45,1.63,1.79,2.03,2.12,2.36,2.48,2.54,2.69,2.83
2018-01-17,1.31,1.44,1.63,1.79,2.05,2.15,2.39,2.51,2.57,2.71,2.84
2018-01-18,1.29,1.45,1.63,1.79,2.05,2.17,2.43,2.55,2.62,2.77,2.9
2018-01-19,1.28,1.44,1.62,1.79,2.06,2.2,2.45,2.57,2.64,2.78,2.91
2018-01-22,1.27,1.44,1.65,1.79,2.08,2.21,2.46,2.59,2.66,2.79,2.93
2018-01-23,1.26,1.44,1.63,1.78,2.06,2.18,2.43,2.55,2.63,2.77,2.9
2018-01-24,1.25,1.43,1.63,1.79,2.08,2.2,2.43,2.57,2.65,2.8,2.93
2018-01-25,1.23,1.42,1.64,1.8,2.08,2.2,2.41,2.55,2.63,2.76,2.89
2018-01-26,1.24,1.41,1.64,1.8,2.13,2.24,2.47,2.6,2.66,2.79,2.91
2018-01-29,1.28,1.44,1.66,1.8,2.11,2.26,2.49,2.63,2.7,2.82,2.94
2018-01-30,1.49,1.44,1.66,1.88,2.13,2.27,2.51,2.65,2.73,2.86,2.98
2018-01-31,1.43,1.46,1.66,1.9,2.14,2.29,2.52,2.66,2.72,2.83,2.95
2018-02-01,1.41,1.48,1.64,1.89,2.16,2.33,2.56,2.72,2.78,2.9,3.01
2018-02-02,1.4,1.48,1.65,1.88,2.15,2.33,2.58,2.76,2.84,2.97,3.08
2018-02-05,1.4,1.51,1.67,1.85,2.08,2.25,2.5,2.68,2.77,2.92,3.04
2018-02-06,1.48,1.52,1.69,1.87,2.1,2.3,2.52,2.7,2.79,2.94,3.06
2018-02-07,1.36,1.55,1.73,1.91,2.15,2.33,2.57,2.75,2.84,3.01,3.12
2018-02-08,1.32,1.55,1.73,1.91,2.13,2.32,2.57,2.76,2.85,3.03,3.14
2018-02-09,1.31,1.55,1.73,1.89,2.05,2.26,2.52,2.72,2.83,3.02,3.14
2018-02-12,1.35,1.62,1.82,1.93,2.09,2.3,2.56,2.77,2.86,3.02,3.14
2018-02-13,1.34,1.59,1.8,1.95,2.1,2.3,2.54,2.74,2.83,2.99,3.11
2018-02-14,1.32,1.58,1.81,1.98,2.17,2.4,2.65,2.84,2.91,3.07,3.18
2018-02-15,1.3,1.58,1.82,1.99,2.19,2.4,2.65,2.83,2.9,3.04,3.15
2018-02-16,1.35,1.62,1.83,2.0,2.21,2.38,2.63,2.81,2.87,3.02,3.13
2018-02-20,1.39,1.66,1.87,2.01,2.25,2.4,2.65,2.81,2.88,3.04,3.15
2018-02-21,1.4,1.64,1.85,2.03,2.26,2.44,2.69,2.86,2.94,3.11,3.22
2018-02-22,1.34,1.63,1.84,2.02,2.25,2.42,2.66,2.84,2.92,3.09,3.21
2018-02-23,1.38,1.64,1.85,2.02,2.25,2.39,2.62,2.79,2.88,3.04,3.16
2018-02-26,1.39,1.66,1.87,2.03,2.22,2.37,2.6,2.77,2.86,3.03,3.15
2018-02-27,1.49,1.66,1.87,2.08,2.27,2.43,2.67,2.83,2.9,3.06,3.17
2018-02-28,1.5,1.65,1.86,2.07,2.25,2.42,2.65,2.8,2.87,3.02,3.13
2018-03-01,1.5,1.63,1.85,2.05,2.22,2.36,2.58,2.74,2.81,2.97,3.09
2018-03-02,1.5,1.65,1.86,2.06,2.25,2.4,2.63,2.79,2.86,3.02,3.14
2018-03-05,1.53,1.7,1.86,2.06,2.24,2.41,2.65,2.81,2.88,3.04,3.16
2018-03-06,1.56,1.68,1.87,2.06,2.25,2.42,2.65,2.81,2.88,3.03,3.14
2018-03-07,1.57,1.68,1.87,2.05,2.25,2.42,2.65,2.81,2.89,3.04,3.15
2018-03-08,1.57,1.67,1.89,2.05,2.25,2.42,2.63,2.79,2.86,3.01,3.13
2018-03-09,1.57,1.67,1.89,2.03,2.27,2.45,2.65,2.82,2.9,3.04,3.16
2018-03-12,1.6,1.71,1.89,2.05,2.27,2.43,2.64,2.79,2.87,3.0,3.13
2018-03-13,1.64,1.73,1.9,2.03,2.26,2.41,2.62,2.77,2.84,2.98,3.1
2018-03-14,1.71,1.76,1.94,2.05,2.26,2.41,2.61,2.75,2.81,2.94,3.05
2018-03-15,1.7,1.77,1.95,2.07,2.29,2.42,2.62,2.76,2.82,2.94,3.05
2018-03-16,1.71,1.78,1.96,2.08,2.31,2.44,2.65,2.78,2.85,2.96,3.08
2018-03-19,1.7,1.8,1.99,2.08,2.31,2.45,2.65,2.78,2.85,2.97,3.09
2018-03-20,1.76,1.81,1.97,2.08,2.34,2.49,2.69,2.82,2.89,3.01,3.12
2018-03-21,1.71,1.74,1.95,2.06,2.31,2.46,2.69,2.82,2.89,3.01,3.12
2018-03-22,1.67,1.72,1.95,2.05,2.29,2.43,2.63,2.76,2.83,2.94,3.06
2018-03-23,1.69,1.74,1.92,2.04,2.28,2.41,2.61,2.74,2.82,2.94,3.06
2018-03-26,1.71,1.79,1.94,2.06,2.33,2.44,2.64,2.78,2.85,2.96,3.08
2018-03-27,1.69,1.77,1.93,2.1,2.26,2.39,2.58,2.7,2.78,2.9,3.03
2018-03-28,1.65,1.73,1.95,2.12,2.28,2.41,2.59,2.72,2.77,2.89,3.01
2018-03-29,1.63,1.73,1.93,2.09,2.27,2.39,2.56,2.68,2.74,2.85,2.97
2018-04-02,1.68,1.77,1.92,2.08,2.25,2.37,2.55,2.67,2.73,2.85,2.97
2018-04-03,1.7,1.75,1.92,2.09,2.28,2.41,2.6,2.73,2.79,2.9,3.02
2018-04-04,1.67,1.71,1.9,2.07,2.28,2.42,2.61,2.73,2.79,2.91,3.03
2018-04-05,1.67,1.72,1.93,2.07,2.3,2.45,2.64,2.76,2.83,2.95,3.07
2018-04-06,1.68,1.73,1.91,2.06,2.27,2.4,2.58,2.7,2.77,2.89,3.01
2018-04-09,1.67,1.76,1.93,2.08,2.29,2.43,2.6,2.72,2.78,2.89,3.02
2018-04-10,1.63,1.74,1.93,2.09,2.32,2.45,2.62,2.74,2.8,2.89,3.02
2018-04-11,1.64,1.73,1.95,2.09,2.32,2.45,2.62,2.72,2.79,2.87,2.99
2018-04-12,1.65,1.75,1.95,2.11,2.34,2.49,2.67,2.78,2.83,2.92,3.05
2018-04-13,1.64,1.76,1.97,2.12,2.37,2.51,2.67,2.77,2.82,2.91,3.03
2018-04-16,1.64,1.79,1.98,2.12,2.39,2.52,2.69,2.78,2.83,2.91,3.03
2018-04-17,1.68,1.8,2.02,2.16,2.41,2.52,2.68,2.77,2.82,2.89,3.0
2018-04-18,1.67,1.81,2.01,2.17,2.42,2.57,2.73,2.83,2.87,2.95,3.06
2018-04-19,1.67,1.82,2.01,2.21,2.44,2.58,2.77,2.87,2.92,3.01,3.11
2018-04-20,1.65,1.81,2.01,2.22,2.46,2.62,2.8,2.91,2.96,3.04,3.14
2018-04-23,1.69,1.87,2.04,2.25,2.49,2.64,2.83,2.94,2.98,3.05,3.15
2018-04-24,1.7,1.87,2.05,2.25,2.48,2.63,2.83,2.95,3.0,3.08,3.18
2018-04-25,1.65,1.85,2.03,2.26,2.49,2.64,2.84,2.97,3.03,3.12,3.21
2018-04-26,1.62,1.82,2.02,2.25,2.49,2.63,2.82,2.95,3.0,3.08,3.18
2018-04-27,1.62,1.82,2.02,2.24,2.49,2.62,2.8,2.92,2.96,3.03,3.13
2018-04-30,1.65,1.87,2.04,2.24,2.49,2.62,2.79,2.91,2.95,3.01,3.11
2018-05-01,1.68,1.85,2.05,2.26,2.5,2.66,2.82,2.93,2.97,3.03,3.13
2018-05-02,1.69,1.84,2.03,2.24,2.49,2.64,2.8,2.92,2.97,3.04,3.14
2018-05-03,1.68,1.84,2.02,2.24,2.49,2.62,2.78,2.9,2.94,3.02,3.12
2018-05-04,1.67,1.84,2.03,2.24,2.51,2.63,2.78,2.9,2.95,3.02,3.12
2018-05-07,1.69,1.86,2.05,2.25,2.49,2.64,2.78,2.9,2.95,3.02,3.12
2018-05-08,1.69,1.87,2.05,2.26,2.51,2.66,2.81,2.93,2.97,3.04,3.13
2018-05-09,1.68,1.88,2.05,2.27,2.54,2.68,2.84,2.96,3.0,3.07,3.16
2018-05-10,1.69,1.9,2.05,2.27,2.54,2.69,2.83,2.94,2.97,3.04,3.12
2018-05-11,1.68,1.92,2.06,2.28,2.54,2.69,2.84,2.94,2.97,3.03,3.1
2018-05-14,1.7,1.93,2.09,2.28,2.55,2.7,2.85,2.96,3.0,3.06,3.13
2018-05-15,1.69,1.92,2.09,2.31,2.58,2.75,2.92,3.04,3.08,3.14,3.2
2018-05-16,1.69,1.92,2.09,2.32,2.58,2.76,2.94,3.05,3.09,3.16,3.21
2018-05-17,1.7,1.92,2.1,2.32,2.57,2.75,2.94,3.07,3.11,3.19,3.25
2018-05-18,1.68,1.91,2.09,2.32,2.55,2.71,2.9,3.02,3.06,3.14,3.2
2018-05-21,1.71,1.93,2.14,2.35,2.58,2.73,2.9,3.02,3.06,3.13,3.2
2018-05-22,1.73,1.93,2.13,2.34,2.59,2.73,2.9,3.02,3.06,3.14,3.21
2018-05-23,1.76,1.92,2.11,2.29,2.53,2.67,2.83,2.95,3.01,3.09,3.17
2018-05-24,1.74,1.91,2.09,2.28,2.5,2.65,2.82,2.93,2.98,3.06,3.13
2018-05-25,1.7,1.9,2.07,2.27,2.48,2.6,2.76,2.88,2.93,3.01,3.09
2018-05-29,1.77,1.93,2.06,2.17,2.32,2.43,2.58,2.71,2.77,2.87,2.96
2018-05-30,1.77,1.94,2.08,2.23,2.42,2.53,2.67,2.79,2.84,2.93,3.01
2018-05-31,1.76,1.93,2.08,2.23,2.4,2.54,2.68,2.78,2.83,2.91,3.0
2018-06-01,1.74,1.92,2.1,2.28,2.47,2.61,2.74,2.85,2.89,2.96,3.04
2018-06-04,1.77,1.94,2.13,2.3,2.52,2.64,2.78,2.89,2.94,3.0,3.08
2018-06-05,1.82,1.94,2.13,2.32,2.49,2.62,2.76,2.87,2.92,2.99,3.07
2018-06-06,1.81,1.95,2.13,2.32,2.52,2.65,2.81,2.93,2.97,3.05,3.13
2018-06-07,1.78,1.94,2.12,2.31,2.5,2.63,2.77,2.88,2.93,3.0,3.08
2018-06-08,1.78,1.93,2.12,2.3,2.5,2.63,2.77,2.88,2.93,3.0,3.08
2018-06-11,1.82,1.94,2.11,2.32,2.52,2.66,2.8,2.91,2.96,3.02,3.1
2018-06-12,1.81,1.92,2.1,2.31,2.54,2.67,2.81,2.91,2.96,3.02,3.09
2018-06-13,1.82,1.94,2.09,2.35,2.59,2.71,2.85,2.95,2.98,3.04,3.1
2018-06-14,1.81,1.94,2.07,2.35,2.59,2.69,2.81,2.9,2.94,2.99,3.05
2018-06-15,1.82,1.94,2.07,2.35,2.55,2.68,2.81,2.89,2.93,2.98,3.05
2018-06-18,1.84,1.94,2.13,2.35,2.56,2.67,2.8,2.89,2.92,2.98,3.05
2018-06-19,1.85,1.94,2.13,2.34,2.54,2.64,2.77,2.84,2.89,2.95,3.02
2018-06-20,1.85,1.94,2.14,2.36,2.56,2.67,2.8,2.89,2.93,2.99,3.06
2018-06-21,1.85,1.94,2.12,2.34,2.56,2.65,2.77,2.86,2.9,2.97,3.04
2018-06-22,1.83,1.93,2.11,2.33,2.56,2.65,2.77,2.86,2.9,2.97,3.04
2018-06-25,1.8,1.93,2.13,2.34,2.54,2.63,2.75,2.83,2.87,2.95,3.02
2018-06-26,1.79,1.93,2.14,2.33,2.53,2.63,2.75,2.84,2.88,2.95,3.03
2018-06-27,1.79,1.93,2.1,2.33,2.52,2.59,2.71,2.79,2.83,2.9,2.97
2018-06-28,1.76,1.93,2.11,2.33,2.52,2.6,2.73,2.81,2.84,2.91,2.97
2018-06-29,1.77,1.93,2.11,2.33,2.52,2.63,2.73,2.81,2.85,2.91,2.98
2018-07-02,1.9,1.98,2.14,2.34,2.57,2.65,2.75,2.83,2.87,2.92,2.99
2018-07-03,1.91,1.98,2.12,2.33,2.53,2.63,2.72,2.79,2.83,2.89,2.96
2018-07-05,1.87,1.96,2.11,2.32,2.55,2.65,2.74,2.8,2.84,2.88,2.95
2018-07-06,1.86,1.97,2.13,2.34,2.53,2.64,2.71,2.78,2.82,2.87,2.94
2018-07-09,1.87,1.98,2.15,2.34,2.57,2.66,2.75,2.82,2.86,2.9,2.96
2018-07-10,1.88,1.99,2.15,2.36,2.59,2.69,2.77,2.83,2.87,2.91,2.97
2018-07-11,1.89,1.97,2.14,2.36,2.58,2.67,2.74,2.82,2.85,2.89,2.95
2018-07-12,1.89,1.98,2.17,2.39,2.6,2.68,2.75,2.83,2.85,2.89,2.95
2018-07-13,1.87,1.98,2.16,2.37,2.59,2.66,2.73,2.8,2.83,2.87,2.94
2018-07-16,1.9,2.01,2.19,2.39,2.59,2.67,2.75,2.82,2.85,2.9,2.96
2018-07-17,1.93,2.02,2.19,2.39,2.62,2.69,2.76,2.83,2.86,2.91,2.97
2018-07-18,1.9,2.0,2.17,2.43,2.6,2.69,2.77,2.84,2.88,2.93,2.99
2018-07-19,1.89,2.0,2.16,2.4,2.6,2.67,2.74,2.81,2.84,2.9,2.96
2018-07-20,1.86,1.99,2.16,2.41,2.6,2.68,2.77,2.85,2.89,2.96,3.03
2018-07-23,1.88,1.99,2.19,2.42,2.64,2.72,2.83,2.92,2.96,3.04,3.1
2018-07-24,1.92,2.02,2.19,2.42,2.63,2.74,2.83,2.91,2.95,3.02,3.08
2018-07-25,1.9,2.01,2.2,2.42,2.66,2.74,2.82,2.9,2.94,3.0,3.06
2018-07-26,1.89,1.99,2.19,2.41,2.69,2.78,2.86,2.95,2.98,3.05,3.1
2018-07-27,1.9,2.0,2.2,2.43,2.67,2.76,2.84,2.92,2.96,3.03,3.09
2018-07-30,1.91,2.04,2.21,2.43,2.66,2.77,2.85,2.94,2.98,3.05,3.11
2018-07-31,1.94,2.03,2.21,2.44,2.67,2.77,2.85,2.92,2.96,3.03,3.08
2018-08-01,1.93,2.03,2.22,2.45,2.67,2.78,2.87,2.96,3.0,3.07,3.13
2018-08-02,1.89,2.02,2.22,2.45,2.66,2.76,2.85,2.93,2.98,3.06,3.12
2018-08-03,1.9,2.01,2.23,2.43,2.63,2.74,2.82,2.91,2.95,3.03,3.09
2018-08-06,1.92,2.05,2.23,2.44,2.64,2.73,2.8,2.89,2.94,3.02,3.08
2018-08-07,1.96,2.06,2.23,2.45,2.68,2.76,2.84,2.92,2.98,3.06,3.12
2018-08-08,1.93,2.06,2.24,2.44,2.68,2.77,2.83,2.92,2.96,3.05,3.12
2018-08-09,1.91,2.06,2.25,2.44,2.64,2.74,2.8,2.89,2.93,3.01,3.08
2018-08-10,1.92,2.05,2.23,2.42,2.61,2.68,2.75,2.82,2.87,2.96,3.03
2018-08-13,1.93,2.06,2.22,2.42,2.61,2.68,2.75,2.82,2.88,2.97,3.05
2018-08-14,1.96,2.08,2.25,2.44,2.63,2.71,2.77,2.84,2.89,2.98,3.06
2018-08-15,1.96,2.07,2.23,2.45,2.61,2.68,2.73,2.81,2.86,2.95,3.03
2018-08-16,1.96,2.07,2.24,2.45,2.63,2.7,2.75,2.82,2.87,2.95,3.03
2018-08-17,1.95,2.05,2.24,2.44,2.61,2.68,2.75,2.82,2.87,2.95,3.03
2018-08-20,1.93,2.06,2.25,2.43,2.6,2.65,2.7,2.77,2.82,2.91,2.99
2018-08-21,1.94,2.08,2.25,2.45,2.61,2.67,2.73,2.8,2.85,2.93,3.0
2018-08-22,1.95,2.09,2.24,2.43,2.6,2.65,2.7,2.77,2.82,2.91,2.99
2018-08-23,1.94,2.08,2.23,2.43,2.61,2.66,2.72,2.78,2.82,2.9,2.97
2018-08-24,1.95,2.09,2.25,2.44,2.63,2.68,2.72,2.78,2.82,2.89,2.97
2018-08-27,1.96,2.12,2.25,2.47,2.67,2.7,2.74,2.81,2.85,2.92,3.0
2018-08-28,1.96,2.13,2.28,2.47,2.67,2.73,2.77,2.84,2.88,2.96,3.03
2018-08-29,1.97,2.13,2.28,2.48,2.67,2.75,2.78,2.85,2.89,2.96,3.02
2018-08-30,1.97,2.11,2.28,2.47,2.64,2.72,2.75,2.82,2.86,2.93,3.0
2018-08-31,1.95,2.11,2.28,2.46,2.62,2.7,2.74,2.81,2.86,2.95,3.02
2018-09-04,2.0,2.13,2.29,2.49,2.66,2.73,2.78,2.85,2.9,2.99,3.07
2018-09-05,2.0,2.14,2.3,2.49,2.66,2.72,2.77,2.85,2.9,3.0,3.08
2018-09-06,1.98,2.13,2.3,2.5,2.64,2.71,2.76,2.83,2.88,2.98,3.06
2018-09-07,1.98,2.14,2.3,2.53,2.71,2.78,2.82,2.89,2.94,3.03,3.11
2018-09-10,1.98,2.14,2.32,2.54,2.73,2.78,2.83,2.89,2.94,3.02,3.09
2018-09-11,2.02,2.15,2.31,2.55,2.76,2.83,2.87,2.94,2.98,3.06,3.13
2018-09-12,2.01,2.16,2.33,2.56,2.74,2.82,2.87,2.93,2.97,3.04,3.11
2018-09-13,2.01,2.15,2.33,2.55,2.76,2.83,2.87,2.93,2.97,3.04,3.11
2018-09-14,2.02,2.16,2.33,2.56,2.78,2.85,2.9,2.96,2.99,3.07,3.13
2018-09-17,2.02,2.16,2.35,2.57,2.78,2.85,2.89,2.96,2.99,3.07,3.13
2018-09-18,2.05,2.17,2.36,2.58,2.81,2.88,2.94,3.01,3.05,3.14,3.2
2018-09-19,2.03,2.16,2.36,2.58,2.81,2.89,2.96,3.04,3.08,3.16,3.23
2018-09-20,2.03,2.17,2.37,2.58,2.81,2.89,2.96,3.03,3.07,3.15,3.21
2018-09-21,2.05,2.18,2.38,2.58,2.81,2.89,2.95,3.03,3.07,3.14,3.2
2018-09-24,2.07,2.22,2.38,2.6,2.83,2.89,2.96,3.04,3.08,3.15,3.21
2018-09-25,2.12,2.21,2.38,2.59,2.83,2.91,2.99,3.06,3.1,3.17,3.23
2018-09-26,2.11,2.2,2.37,2.58,2.83,2.89,2.96,3.02,3.06,3.14,3.19
2018-09-27,2.1,2.18,2.37,2.58,2.83,2.89,2.96,3.02,3.06,3.13,3.19
2018-09-28,2.12,2.19,2.36,2.59,2.81,2.88,2.94,3.01,3.05,3.13,3.19
2018-10-01,2.13,2.23,2.4,2.6,2.82,2.9,2.96,3.04,3.09,3.18,3.24
2018-10-02,2.14,2.23,2.41,2.61,2.82,2.88,2.94,3.01,3.05,3.14,3.2
2018-10-03,2.15,2.23,2.41,2.62,2.85,2.94,3.02,3.1,3.15,3.24,3.3
2018-10-04,2.16,2.22,2.42,2.63,2.87,2.97,3.05,3.14,3.19,3.29,3.35
2018-10-05,2.15,2.23,2.41,2.64,2.88,2.99,3.07,3.18,3.23,3.34,3.4
2018-10-09,2.17,2.25,2.46,2.65,2.88,2.98,3.05,3.15,3.21,3.3,3.37
2018-10-10,2.18,2.27,2.45,2.67,2.88,2.97,3.05,3.15,3.22,3.33,3.39
2018-10-11,2.14,2.27,2.44,2.66,2.85,2.94,3.0,3.09,3.14,3.25,3.32
2018-10-12,2.14,2.28,2.44,2.66,2.85,2.93,3.0,3.09,3.15,3.25,3.32
2018-10-15,2.17,2.31,2.47,2.67,2.85,2.94,3.01,3.1,3.16,3.27,3.34
2018-10-16,2.19,2.3,2.46,2.66,2.87,2.95,3.02,3.1,3.16,3.26,3.32
2018-10-17,2.2,2.31,2.47,2.66,2.89,2.97,3.04,3.13,3.19,3.29,3.35
2018-10-18,2.19,2.32,2.47,2.67,2.87,2.95,3.03,3.11,3.17,3.28,3.36
2018-10-19,2.19,2.31,2.48,2.67,2.92,2.99,3.05,3.14,3.2,3.31,3.38
2018-10-22,2.18,2.34,2.49,2.68,2.92,2.99,3.05,3.13,3.2,3.31,3.38
2018-10-23,2.21,2.33,2.48,2.67,2.89,2.95,3.01,3.1,3.17,3.29,3.37
2018-10-24,2.2,2.34,2.47,2.64,2.84,2.89,2.94,3.02,3.1,3.24,3.33
2018-10-25,2.19,2.34,2.47,2.66,2.86,2.92,2.98,3.07,3.14,3.27,3.35
2018-10-26,2.16,2.33,2.47,2.63,2.81,2.85,2.91,3.0,3.08,3.23,3.32
2018-10-29,2.17,2.34,2.49,2.64,2.81,2.86,2.91,3.0,3.08,3.23,3.33
2018-10-30,2.21,2.33,2.48,2.66,2.84,2.9,2.94,3.03,3.12,3.26,3.36
2018-10-31,2.2,2.34,2.49,2.69,2.87,2.93,2.98,3.07,3.15,3.3,3.39
2018-11-01,2.21,2.32,2.49,2.67,2.84,2.91,2.96,3.06,3.14,3.29,3.38
2018-11-02,2.19,2.33,2.5,2.7,2.91,2.98,3.04,3.13,3.22,3.37,3.46
2018-11-05,2.2,2.36,2.51,2.71,2.91,2.99,3.03,3.12,3.2,3.34,3.43
2018-11-06,2.23,2.35,2.52,2.72,2.93,3.01,3.05,3.14,3.22,3.35,3.43
2018-11-07,2.23,2.37,2.51,2.74,2.96,3.03,3.07,3.15,3.22,3.35,3.43
2018-11-08,2.21,2.35,2.52,2.74,2.98,3.05,3.09,3.17,3.24,3.36,3.43
2018-11-09,2.21,2.36,2.52,2.73,2.94,3.01,3.05,3.13,3.19,3.32,3.4
2018-11-13,2.24,2.38,2.53,2.72,2.89,2.95,2.99,3.07,3.14,3.28,3.36
2018-11-14,2.24,2.38,2.52,2.71,2.86,2.92,2.95,3.04,3.12,3.26,3.35
2018-11-15,2.2,2.37,2.51,2.7,2.86,2.91,2.94,3.02,3.11,3.27,3.36
2018-11-16,2.21,2.36,2.5,2.68,2.81,2.85,2.9,2.99,3.08,3.23,3.33
2018-11-19,2.23,2.38,2.52,2.66,2.79,2.82,2.87,2.97,3.06,3.22,3.32
2018-11-20,2.23,2.39,2.51,2.67,2.79,2.83,2.88,2.97,3.06,3.22,3.31
2018-11-21,2.25,2.41,2.52,2.67,2.81,2.84,2.89,2.98,3.06,3.22,3.31
2018-11-23,2.25,2.41,2.52,2.67,2.81,2.83,2.88,2.97,3.05,3.21,3.31
2018-11-26,2.24,2.41,2.54,2.7,2.84,2.86,2.9,2.98,3.07,3.22,3.32
2018-11-27,2.31,2.41,2.53,2.7,2.83,2.86,2.89,2.98,3.06,3.22,3.32
2018-11-28,2.31,2.4,2.53,2.69,2.81,2.84,2.87,2.97,3.06,3.23,3.34
2018-11-29,2.31,2.37,2.52,2.69,2.81,2.83,2.85,2.94,3.03,3.21,3.33
2018-11-30,2.31,2.37,2.52,2.7,2.8,2.83,2.84,2.92,3.01,3.19,3.3
2018-12-03,2.3,2.38,2.56,2.72,2.83,2.84,2.83,2.9,2.98,3.15,3.27
2018-12-04,2.37,2.42,2.58,2.71,2.8,2.81,2.79,2.84,2.91,3.05,3.16
2018-12-06,2.36,2.41,2.56,2.7,2.75,2.76,2.75,2.8,2.87,3.01,3.14
2018-12-07,2.32,2.4,2.54,2.68,2.72,2.72,2.7,2.77,2.85,3.01,3.14
2018-12-10,2.32,2.41,2.54,2.69,2.72,2.73,2.71,2.77,2.85,3.0,3.13
2018-12-11,2.28,2.41,2.55,2.7,2.78,2.78,2.75,2.81,2.89,3.02,3.13
2018-12-12,2.3,2.43,2.56,2.7,2.77,2.78,2.77,2.84,2.91,3.04,3.15
2018-12-13,2.36,2.43,2.56,2.69,2.75,2.76,2.75,2.83,2.91,3.05,3.16
2018-12-14,2.36,2.42,2.56,2.68,2.73,2.72,2.73,2.81,2.89,3.03,3.14
2018-12-17,2.36,2.4,2.54,2.66,2.7,2.68,2.69,2.77,2.86,3.0,3.11
2018-12-18,2.35,2.39,2.53,2.64,2.65,2.64,2.65,2.74,2.82,2.96,3.07
2018-12-19,2.35,2.4,2.54,2.62,2.63,2.61,2.62,2.69,2.77,2.89,3.0
2018-12-20,2.42,2.39,2.55,2.64,2.67,2.65,2.65,2.72,2.79,2.92,3.02
2018-12-21,2.41,2.39,2.54,2.62,2.63,2.61,2.64,2.72,2.79,2.92,3.03
2018-12-24,2.42,2.45,2.52,2.61,2.55,2.56,2.58,2.66,2.74,2.88,3.0
2018-12-26,2.41,2.44,2.54,2.61,2.61,2.6,2.67,2.74,2.81,2.94,3.06
2018-12-27,2.43,2.41,2.49,2.58,2.56,2.55,2.6,2.68,2.77,2.92,3.05
2018-12-28,2.39,2.4,2.48,2.57,2.52,2.5,2.56,2.63,2.72,2.89,3.04
2018-12-31,2.44,2.45,2.56,2.63,2.48,2.46,2.51,2.59,2.69,2.87,3.02
2019-01-02,2.4,2.42,2.51,2.6,2.5,2.47,2.49,2.56,2.66,2.83,2.97
2019-01-03,2.42,2.41,2.47,2.5,2.39,2.35,2.37,2.44,2.56,2.75,2.92
2019-01-04,2.4,2.42,2.51,2.57,2.5,2.47,2.49,2.56,2.67,2.83,2.98
2019-01-07,2.42,2.45,2.54,2.58,2.53,2.51,2.53,2.6,2.7,2.86,2.99
2019-01-08,2.4,2.46,2.54,2.6,2.58,2.57,2.58,2.63,2.73,2.88,3.0
2019-01-09,2.4,2.45,2.52,2.59,2.56,2.54,2.57,2.64,2.74,2.9,3.03
2019-01-10,2.42,2.43,2.51,2.59,2.56,2.54,2.56,2.63,2.74,2.92,3.06
2019-01-11,2.41,2.43,2.5,2.58,2.55,2.51,2.52,2.6,2.71,2.9,3.04
2019-01-14,2.42,2.45,2.52,2.57,2.53,2.51,2.53,2.6,2.71,2.91,3.06
2019-01-15,2.41,2.45,2.52,2.57,2.53,2.51,2.53,2.61,2.72,2.92,3.08
2019-01-16,2.41,2.43,2.49,2.57,2.55,2.53,2.54,2.62,2.73,2.92,3.07
2019-01-17,2.41,2.42,2.5,2.57,2.56,2.55,2.58,2.66,2.75,2.93,3.07
2019-01-18,2.4,2.41,2.5,2.6,2.62,2.6,2.62,2.7,2.79,2.95,3.09
2019-01-22,2.38,2.43,2.51,2.59,2.58,2.55,2.57,2.65,2.74,2.91,3.06
2019-01-23,2.37,2.41,2.51,2.59,2.58,2.57,2.59,2.66,2.76,2.93,3.07
2019-01-24,2.38,2.37,2.5,2.58,2.56,2.54,2.55,2.62,2.72,2.89,3.04
2019-01-25,2.36,2.39,2.51,2.6,2.6,2.58,2.59,2.66,2.76,2.92,3.06
2019-01-28,2.39,2.42,2.51,2.6,2.6,2.58,2.58,2.65,2.75,2.92,3.06
2019-01-29,2.39,2.42,2.51,2.6,2.56,2.54,2.55,2.61,2.72,2.9,3.04
2019-01-30,2.4,2.42,2.5,2.57,2.52,2.49,2.49,2.58,2.7,2.9,3.06
2019-01-31,2.42,2.41,2.46,2.55,2.45,2.43,2.43,2.51,2.63,2.83,2.99
2019-02-01,2.41,2.4,2.46,2.56,2.52,2.5,2.51,2.59,2.7,2.88,3.03
2019-02-04,2.41,2.42,2.49,2.57,2.53,2.52,2.53,2.62,2.73,2.92,3.06
2019-02-05,2.39,2.42,2.5,2.56,2.53,2.5,2.51,2.6,2.71,2.89,3.03
2019-02-06,2.4,2.42,2.5,2.56,2.52,2.5,2.5,2.59,2.7,2.88,3.03
2019-02-07,2.43,2.42,2.49,2.55,2.48,2.46,2.46,2.54,2.65,2.85,3.0
2019-02-08,2.43,2.43,2.49,2.54,2.45,2.43,2.44,2.53,2.63,2.82,2.97
2019-02-11,2.44,2.45,2.51,2.55,2.48,2.47,2.47,2.56,2.65,2.85,3.0
2019-02-12,2.42,2.43,2.5,2.55,2.5,2.48,2.49,2.58,2.68,2.87,3.02
2019-02-13,2.42,2.44,2.51,2.55,2.53,2.52,2.53,2.61,2.71,2.89,3.04
2019-02-14,2.45,2.43,2.51,2.53,2.5,2.48,2.48,2.56,2.66,2.85,3.01
2019-02-15,2.43,2.43,2.5,2.55,2.52,2.5,2.49,2.57,2.66,2.84,3.0
2019-02-19,2.44,2.45,2.52,2.54,2.5,2.47,2.47,2.55,2.65,2.84,2.99
2019-02-20,2.41,2.45,2.51,2.54,2.5,2.47,2.47,2.55,2.65,2.84,3.0
2019-02-21,2.43,2.45,2.51,2.55,2.53,2.49,2.51,2.59,2.69,2.89,3.05
2019-02-22,2.43,2.46,2.51,2.55,2.48,2.46,2.47,2.55,2.65,2.86,3.02
2019-02-25,2.44,2.47,2.51,2.56,2.51,2.48,2.48,2.57,2.67,2.87,3.03
2019-02-26,2.43,2.45,2.51,2.55,2.48,2.44,2.45,2.54,2.64,2.84,3.01
2019-02-27,2.43,2.45,2.52,2.54,2.5,2.48,2.49,2.59,2.69,2.91,3.07
2019-02-28,2.44,2.45,2.5,2.54,2.52,2.5,2.52,2.63,2.73,2.94,3.09
2019-03-01,2.44,2.44,2.52,2.55,2.55,2.54,2.56,2.67,2.76,2.97,3.13
2019-03-04,2.45,2.46,2.54,2.54,2.55,2.52,2.53,2.63,2.72,2.93,3.09
2019-03-05,2.44,2.46,2.53,2.54,2.55,2.52,2.53,2.63,2.72,2.93,3.08
2019-03-06,2.43,2.47,2.53,2.54,2.52,2.49,2.49,2.59,2.69,2.9,3.06
2019-03-07,2.45,2.45,2.52,2.52,2.47,2.44,2.44,2.54,2.64,2.86,3.03
2019-03-08,2.45,2.46,2.52,2.53,2.45,2.43,2.42,2.51,2.62,2.83,3.0
2019-03-11,2.44,2.46,2.54,2.53,2.47,2.45,2.44,2.53,2.64,2.86,3.03
2019-03-12,2.44,2.46,2.53,2.52,2.45,2.41,2.41,2.5,2.61,2.82,3.0
2019-03-13,2.43,2.45,2.53,2.53,2.45,2.41,2.42,2.51,2.61,2.82,3.02
2019-03-14,2.48,2.45,2.52,2.52,2.46,2.42,2.43,2.53,2.63,2.86,3.04
2019-03-15,2.46,2.45,2.52,2.52,2.43,2.39,2.4,2.49,2.59,2.83,3.02
2019-03-18,2.47,2.44,2.51,2.52,2.45,2.41,2.42,2.51,2.6,2.83,3.01
2019-03-19,2.46,2.46,2.52,2.5,2.46,2.42,2.42,2.51,2.61,2.84,3.02
2019-03-20,2.45,2.48,2.49,2.47,2.4,2.34,2.34,2.44,2.54,2.79,2.98
2019-03-21,2.51,2.49,2.5,2.48,2.41,2.34,2.34,2.44,2.54,2.78,2.96
2019-03-22,2.49,2.46,2.48,2.45,2.31,2.24,2.24,2.34,2.44,2.69,2.88
2019-03-25,2.47,2.46,2.49,2.41,2.26,2.19,2.21,2.32,2.43,2.68,2.87
2019-03-26,2.46,2.46,2.49,2.44,2.24,2.18,2.18,2.29,2.41,2.67,2.86
2019-03-27,2.45,2.44,2.46,2.4,2.22,2.16,2.18,2.28,2.39,2.63,2.83
2019-03-28,2.44,2.43,2.44,2.4,2.23,2.18,2.2,2.29,2.39,2.62,2.81
2019-03-29,2.43,2.4,2.44,2.4,2.27,2.21,2.23,2.31,2.41,2.63,2.81
2019-04-01,2.42,2.43,2.46,2.41,2.33,2.29,2.31,2.4,2.49,2.71,2.89
2019-04-02,2.43,2.42,2.45,2.41,2.3,2.26,2.28,2.38,2.48,2.7,2.88
2019-04-03,2.42,2.44,2.45,2.41,2.33,2.29,2.32,2.42,2.52,2.75,2.93
2019-04-04,2.43,2.44,2.46,2.41,2.33,2.29,2.32,2.41,2.51,2.74,2.92
2019-04-05,2.42,2.44,2.46,2.43,2.35,2.3,2.31,2.4,2.5,2.72,2.91
2019-04-08,2.43,2.43,2.48,2.43,2.36,2.31,2.33,2.42,2.52,2.74,2.93
2019-04-09,2.42,2.42,2.46,2.42,2.35,2.31,2.31,2.4,2.51,2.73,2.92
2019-04-10,2.4,2.43,2.46,2.41,2.31,2.27,2.28,2.37,2.48,2.71,2.9
2019-04-11,2.42,2.43,2.46,2.44,2.35,2.3,2.31,2.4,2.51,2.74,2.94
2019-04-12,2.41,2.44,2.47,2.44,2.4,2.36,2.38,2.47,2.56,2.78,2.97
2019-04-15,2.42,2.43,2.46,2.43,2.4,2.36,2.37,2.46,2.55,2.77,2.96
2019-04-16,2.43,2.43,2.47,2.45,2.41,2.38,2.41,2.5,2.6,2.81,2.99
2019-04-17,2.43,2.44,2.47,2.44,2.4,2.37,2.4,2.49,2.59,2.81,2.99
2019-04-18,2.44,2.42,2.47,2.44,2.38,2.36,2.38,2.46,2.57,2.78,2.96
2019-04-22,2.44,2.44,2.47,2.46,2.38,2.36,2.39,2.49,2.59,2.82,2.99
2019-04-23,2.43,2.45,2.46,2.43,2.36,2.34,2.36,2.46,2.57,2.81,2.98
2019-04-24,2.42,2.44,2.46,2.42,2.32,2.28,2.32,2.41,2.53,2.76,2.94
2019-04-25,2.43,2.43,2.46,2.42,2.33,2.29,2.33,2.42,2.54,2.76,2.94
2019-04-26,2.42,2.42,2.46,2.41,2.28,2.25,2.29,2.39,2.51,2.74,2.92
2019-04-29,2.45,2.44,2.47,2.42,2.3,2.27,2.32,2.42,2.54,2.78,2.96
2019-04-30,2.43,2.43,2.46,2.39,2.27,2.24,2.28,2.39,2.51,2.75,2.93
2019-05-01,2.42,2.43,2.44,2.39,2.31,2.28,2.31,2.41,2.52,2.74,2.92
2019-05-02,2.44,2.47,2.46,2.41,2.35,2.32,2.34,2.44,2.55,2.77,2.94
2019-05-03,2.42,2.43,2.46,2.41,2.33,2.3,2.33,2.43,2.54,2.75,2.93
2019-05-06,2.43,2.44,2.46,2.39,2.31,2.27,2.3,2.4,2.51,2.73,2.91
2019-05-07,2.44,2.43,2.46,2.37,2.28,2.24,2.25,2.35,2.45,2.68,2.86
2019-05-08,2.42,2.43,2.45,2.37,2.3,2.26,2.28,2.38,2.49,2.71,2.89
2019-05-09,2.43,2.43,2.46,2.36,2.26,2.22,2.25,2.34,2.45,2.69,2.87
2019-05-10,2.42,2.43,2.45,2.36,2.26,2.23,2.26,2.37,2.47,2.7,2.89
2019-05-13,2.41,2.41,2.42,2.32,2.18,2.15,2.18,2.28,2.4,2.65,2.83
2019-05-14,2.41,2.41,2.43,2.32,2.2,2.17,2.2,2.3,2.42,2.67,2.86
2019-05-15,2.4,2.42,2.43,2.3,2.16,2.12,2.15,2.25,2.37,2.63,2.82
2019-05-16,2.4,2.4,2.43,2.33,2.2,2.15,2.18,2.28,2.4,2.65,2.84
2019-05-17,2.39,2.39,2.42,2.33,2.2,2.15,2.17,2.27,2.39,2.63,2.82
2019-05-20,2.39,2.39,2.42,2.34,2.21,2.17,2.21,2.3,2.41,2.65,2.83
2019-05-21,2.37,2.39,2.42,2.36,2.26,2.2,2.23,2.33,2.43,2.67,2.84
2019-05-22,2.36,2.38,2.41,2.37,2.23,2.17,2.19,2.28,2.39,2.64,2.82
2019-05-23,2.38,2.37,2.4,2.32,2.12,2.08,2.11,2.2,2.31,2.56,2.75
2019-05-24,2.37,2.35,2.39,2.33,2.16,2.1,2.12,2.22,2.32,2.57,2.75
2019-05-28,2.35,2.37,2.38,2.31,2.12,2.06,2.06,2.16,2.26,2.52,2.7
2019-05-29,2.35,2.37,2.38,2.3,2.09,2.04,2.05,2.16,2.25,2.5,2.69
2019-05-30,2.37,2.38,2.4,2.29,2.06,2.0,2.03,2.12,2.22,2.46,2.65
2019-05-31,2.35,2.35,2.35,2.21,1.95,1.9,1.93,2.03,2.14,2.39,2.58
2019-06-03,2.36,2.35,2.31,2.11,1.82,1.79,1.83,1.95,2.07,2.34,2.53
2019-06-04,2.34,2.35,2.29,2.11,1.88,1.84,1.89,2.01,2.12,2.41,2.6
2019-06-05,2.31,2.35,2.25,2.04,1.83,1.81,1.86,2.0,2.12,2.42,2.63
2019-06-06,2.32,2.33,2.22,2.02,1.88,1.85,1.88,2.01,2.12,2.42,2.62
2019-06-07,2.3,2.28,2.15,1.97,1.85,1.82,1.85,1.97,2.09,2.36,2.57
2019-06-10,2.3,2.29,2.21,2.03,1.9,1.87,1.91,2.03,2.15,2.42,2.62
2019-06-11,2.27,2.27,2.21,2.05,1.93,1.87,1.92,2.03,2.15,2.42,2.62
2019-06-12,2.19,2.24,2.2,2.02,1.88,1.83,1.88,2.0,2.13,2.41,2.62
2019-06-13,2.24,2.19,2.18,2.0,1.83,1.78,1.84,1.96,2.1,2.39,2.61
2019-06-14,2.23,2.2,2.18,2.0,1.84,1.79,1.85,1.96,2.09,2.38,2.59
2019-06-17,2.22,2.23,2.2,2.03,1.86,1.8,1.85,1.96,2.09,2.37,2.58
2019-06-18,2.18,2.22,2.2,2.04,1.86,1.8,1.83,1.93,2.06,2.34,2.55
2019-06-19,2.14,2.18,2.11,1.96,1.74,1.7,1.77,1.89,2.03,2.32,2.54
2019-06-20,2.17,2.14,2.04,1.91,1.72,1.69,1.74,1.87,2.01,2.31,2.53
2019-06-21,2.16,2.11,2.05,1.95,1.77,1.74,1.8,1.93,2.07,2.37,2.59
2019-06-24,2.12,2.13,2.1,1.92,1.72,1.69,1.75,1.88,2.02,2.33,2.55
2019-06-25,2.11,2.12,2.1,1.93,1.71,1.67,1.73,1.86,2.0,2.31,2.53
2019-06-26,2.11,2.15,2.12,1.96,1.77,1.74,1.8,1.92,2.05,2.35,2.57
2019-06-27,2.19,2.14,2.12,1.93,1.74,1.71,1.76,1.88,2.01,2.31,2.52
2019-06-28,2.18,2.12,2.09,1.92,1.75,1.71,1.76,1.87,2.0,2.31,2.52
2019-07-01,2.17,2.21,2.1,1.94,1.78,1.74,1.79,1.9,2.03,2.34,2.55
2019-07-02,2.21,2.2,2.09,1.91,1.77,1.71,1.75,1.85,1.98,2.29,2.51
2019-07-03,2.25,2.21,2.08,1.91,1.77,1.71,1.74,1.83,1.96,2.25,2.47
2019-07-05,2.26,2.23,2.14,1.98,1.87,1.82,1.84,1.93,2.04,2.34,2.54
2019-07-08,2.23,2.26,2.14,1.99,1.88,1.84,1.86,1.94,2.05,2.32,2.53
2019-07-09,2.22,2.26,2.15,2.0,1.92,1.88,1.88,1.96,2.07,2.34,2.54
2019-07-10,2.18,2.2,2.07,1.93,1.82,1.79,1.82,1.93,2.07,2.36,2.57
2019-07-11,2.17,2.17,2.08,1.97,1.85,1.84,1.88,1.99,2.13,2.42,2.65
2019-07-12,2.16,2.14,2.07,1.96,1.84,1.81,1.86,1.98,2.12,2.42,2.64
2019-07-15,2.17,2.16,2.06,1.95,1.83,1.8,1.84,1.96,2.09,2.39,2.61
2019-07-16,2.16,2.15,2.06,2.0,1.87,1.84,1.88,2.0,2.13,2.42,2.63
2019-07-17,2.13,2.14,2.04,1.95,1.83,1.8,1.83,1.94,2.06,2.35,2.57
2019-07-18,2.11,2.05,2.01,1.9,1.77,1.74,1.78,1.89,2.04,2.34,2.56
2019-07-19,2.11,2.06,2.03,1.94,1.8,1.77,1.8,1.91,2.05,2.35,2.57
2019-07-22,2.13,2.09,2.08,1.95,1.8,1.77,1.8,1.92,2.05,2.36,2.58
2019-07-23,2.12,2.06,2.09,1.97,1.83,1.79,1.83,1.94,2.08,2.38,2.61
2019-07-24,2.1,2.1,2.08,1.98,1.83,1.79,1.82,1.93,2.05,2.36,2.58
2019-07-25,2.16,2.1,2.08,1.99,1.86,1.83,1.85,1.95,2.08,2.38,2.6
2019-07-26,2.13,2.12,2.1,2.0,1.86,1.83,1.85,1.95,2.08,2.38,2.59
2019-07-29,2.12,2.12,2.1,1.98,1.85,1.81,1.84,1.93,2.06,2.37,2.59
2019-07-30,2.07,2.08,2.07,1.97,1.85,1.82,1.84,1.93,2.06,2.36,2.58
2019-07-31,2.01,2.08,2.1,2.0,1.89,1.84,1.84,1.92,2.02,2.31,2.53
2019-08-01,2.11,2.07,2.04,1.88,1.73,1.67,1.68,1.77,1.9,2.21,2.44
2019-08-02,2.11,2.06,2.02,1.85,1.72,1.67,1.66,1.75,1.86,2.16,2.39
2019-08-05,2.07,2.05,1.99,1.78,1.59,1.55,1.55,1.63,1.75,2.07,2.3
2019-08-06,2.05,2.05,2.0,1.8,1.6,1.54,1.53,1.62,1.73,2.03,2.25
2019-08-07,2.02,2.02,1.95,1.75,1.59,1.51,1.52,1.6,1.71,2.01,2.22
2019-08-08,2.09,2.02,1.96,1.79,1.62,1.54,1.54,1.62,1.72,2.02,2.25
2019-08-09,2.05,2.0,1.95,1.78,1.63,1.58,1.57,1.65,1.74,2.03,2.26
2019-08-12,2.09,2.0,1.94,1.75,1.58,1.51,1.49,1.56,1.65,1.92,2.14
2019-08-13,2.05,2.0,1.96,1.86,1.66,1.6,1.57,1.62,1.68,1.94,2.15
2019-08-14,1.98,1.96,1.92,1.79,1.58,1.53,1.51,1.55,1.59,1.84,2.03
2019-08-15,2.08,1.91,1.86,1.72,1.48,1.44,1.42,1.47,1.52,1.8,1.98
2019-08-16,2.05,1.87,1.85,1.71,1.48,1.44,1.42,1.49,1.55,1.82,2.01
2019-08-19,2.06,1.94,1.9,1.75,1.53,1.49,1.47,1.54,1.6,1.88,2.08
2019-08-20,2.05,1.94,1.89,1.72,1.5,1.44,1.42,1.49,1.55,1.84,2.04
2019-08-21,2.03,1.97,1.9,1.77,1.56,1.5,1.47,1.54,1.59,1.87,2.07
2019-08-22,2.1,2.0,1.91,1.79,1.61,1.53,1.5,1.56,1.62,1.9,2.11
2019-08-23,2.07,1.97,1.87,1.73,1.51,1.43,1.4,1.46,1.52,1.82,2.02
2019-08-26,2.09,2.01,1.9,1.75,1.54,1.47,1.43,1.49,1.54,1.84,2.04
2019-08-27,2.07,1.98,1.94,1.77,1.53,1.43,1.4,1.44,1.49,1.77,1.97
2019-08-28,2.07,1.99,1.89,1.74,1.5,1.42,1.37,1.42,1.47,1.76,1.94
2019-08-29,2.1,1.99,1.89,1.75,1.53,1.44,1.4,1.46,1.5,1.78,1.97
2019-08-30,2.1,1.99,1.89,1.76,1.5,1.42,1.39,1.45,1.5,1.78,1.96
2019-09-03,2.06,1.98,1.88,1.72,1.47,1.38,1.35,1.42,1.47,1.77,1.95
2019-09-04,2.05,1.97,1.87,1.69,1.43,1.36,1.32,1.4,1.47,1.77,1.97
2019-09-05,2.05,1.97,1.88,1.73,1.55,1.47,1.43,1.51,1.57,1.86,2.06
2019-09-06,2.05,1.96,1.88,1.73,1.53,1.46,1.42,1.5,1.55,1.83,2.02
2019-09-09,2.04,1.96,1.87,1.74,1.58,1.52,1.49,1.57,1.63,1.91,2.11
2019-09-10,2.04,1.95,1.89,1.81,1.67,1.61,1.58,1.66,1.72,2.0,2.19
2019-09-11,2.01,1.96,1.88,1.79,1.68,1.62,1.6,1.68,1.75,2.02,2.22
2019-09-12,1.99,1.95,1.9,1.82,1.72,1.67,1.65,1.72,1.79,2.06,2.22
2019-09-13,1.99,1.96,1.92,1.88,1.79,1.76,1.75,1.83,1.9,2.17,2.37
2019-09-16,2.08,1.99,1.93,1.86,1.74,1.71,1.69,1.77,1.84,2.11,2.31
2019-09-17,2.1,1.99,1.93,1.87,1.72,1.68,1.66,1.75,1.81,2.08,2.27
2019-09-18,1.94,1.95,1.91,1.87,1.77,1.72,1.68,1.76,1.8,2.06,2.25
2019-09-19,2.01,1.93,1.92,1.88,1.74,1.68,1.66,1.73,1.79,2.04,2.22
2019-09-20,1.95,1.91,1.91,1.84,1.69,1.63,1.61,1.68,1.74,1.99,2.17
2019-09-23,1.94,1.94,1.93,1.81,1.68,1.61,1.59,1.65,1.72,1.98,2.16
2019-09-24,1.9,1.92,1.91,1.78,1.6,1.53,1.52,1.58,1.64,1.91,2.09
2019-09-25,1.8,1.89,1.9,1.82,1.68,1.61,1.6,1.66,1.73,1.99,2.18
2019-09-26,1.91,1.83,1.88,1.79,1.66,1.61,1.59,1.65,1.7,1.96,2.15
2019-09-27,1.9,1.8,1.85,1.74,1.63,1.58,1.56,1.62,1.69,1.95,2.13
2019-09-30,1.91,1.88,1.83,1.75,1.63,1.56,1.55,1.62,1.68,1.94,2.12
2019-10-01,1.79,1.82,1.81,1.73,1.56,1.51,1.51,1.59,1.65,1.93,2.11
2019-10-02,1.75,1.79,1.75,1.67,1.48,1.43,1.43,1.53,1.6,1.9,2.09
2019-10-03,1.78,1.7,1.66,1.58,1.39,1.34,1.34,1.45,1.54,1.85,2.04
2019-10-04,1.73,1.71,1.65,1.58,1.4,1.35,1.34,1.43,1.52,1.81,2.01
2019-10-07,1.76,1.75,1.73,1.64,1.46,1.41,1.38,1.47,1.56,1.85,2.05
2019-10-08,1.69,1.72,1.69,1.62,1.42,1.38,1.36,1.45,1.54,1.84,2.04
2019-10-09,1.69,1.69,1.69,1.59,1.47,1.43,1.4,1.5,1.59,1.88,2.08
2019-10-10,1.74,1.68,1.68,1.63,1.53,1.49,1.48,1.57,1.67,1.96,2.16
2019-10-11,1.76,1.68,1.68,1.67,1.63,1.6,1.59,1.68,1.76,2.04,2.22
2019-10-15,1.74,1.67,1.67,1.65,1.61,1.6,1.59,1.68,1.77,2.06,2.23
2019-10-16,1.71,1.66,1.64,1.59,1.58,1.57,1.57,1.65,1.75,2.05,2.23
2019-10-17,1.74,1.66,1.63,1.59,1.6,1.57,1.57,1.66,1.76,2.05,2.24
2019-10-18,1.75,1.66,1.63,1.58,1.58,1.56,1.56,1.66,1.76,2.06,2.25
2019-10-21,1.76,1.67,1.65,1.59,1.62,1.59,1.61,1.7,1.8,2.1,2.28
2019-10-22,1.75,1.65,1.64,1.59,1.6,1.59,1.6,1.68,1.78,2.07,2.26
2019-10-23,1.74,1.65,1.64,1.58,1.58,1.58,1.58,1.67,1.77,2.06,2.25
2019-10-24,1.75,1.67,1.65,1.59,1.58,1.58,1.58,1.67,1.77,2.08,2.26
2019-10-25,1.73,1.66,1.66,1.6,1.63,1.62,1.62,1.71,1.8,2.1,2.29
2019-10-28,1.74,1.65,1.65,1.6,1.64,1.65,1.66,1.75,1.85,2.16,2.34
2019-10-29,1.66,1.63,1.64,1.59,1.64,1.65,1.66,1.74,1.84,2.15,2.33
2019-10-30,1.61,1.62,1.62,1.59,1.61,1.6,1.61,1.69,1.78,2.08,2.26
2019-10-31,1.59,1.54,1.57,1.53,1.52,1.52,1.51,1.6,1.69,2.0,2.17
2019-11-01,1.58,1.52,1.55,1.53,1.56,1.55,1.55,1.63,1.73,2.03,2.21
2019-11-04,1.58,1.53,1.57,1.56,1.6,1.59,1.6,1.69,1.79,2.1,2.27
2019-11-05,1.56,1.56,1.58,1.62,1.63,1.63,1.66,1.77,1.86,2.17,2.34
2019-11-06,1.55,1.56,1.57,1.58,1.61,1.6,1.63,1.73,1.81,2.13,2.3
2019-11-07,1.57,1.56,1.58,1.58,1.68,1.7,1.74,1.84,1.92,2.24,2.4
2019-11-08,1.56,1.55,1.58,1.58,1.68,1.7,1.74,1.86,1.94,2.27,2.43
2019-11-12,1.56,1.59,1.59,1.58,1.66,1.69,1.73,1.84,1.92,2.24,2.39
2019-11-13,1.56,1.57,1.59,1.57,1.63,1.65,1.69,1.79,1.88,2.2,2.36
2019-11-14,1.59,1.57,1.58,1.55,1.58,1.59,1.63,1.73,1.82,2.15,2.31
2019-11-15,1.59,1.57,1.59,1.54,1.61,1.61,1.65,1.75,1.84,2.16,2.31
2019-11-18,1.59,1.57,1.58,1.54,1.6,1.59,1.63,1.73,1.81,2.14,2.3
2019-11-19,1.58,1.57,1.58,1.54,1.6,1.59,1.63,1.71,1.79,2.11,2.26
2019-11-20,1.57,1.57,1.58,1.54,1.56,1.55,1.58,1.66,1.73,2.05,2.2
2019-11-21,1.57,1.58,1.59,1.55,1.6,1.59,1.62,1.71,1.77,2.09,2.24
2019-11-22,1.58,1.58,1.59,1.56,1.61,1.6,1.62,1.71,1.77,2.08,2.22
2019-11-25,1.6,1.61,1.61,1.58,1.61,1.6,1.62,1.71,1.76,2.07,2.21
2019-11-26,1.63,1.6,1.62,1.59,1.58,1.58,1.58,1.68,1.74,2.04,2.18
2019-11-27,1.65,1.62,1.63,1.6,1.63,1.61,1.63,1.71,1.77,2.06,2.19
2019-11-29,1.62,1.59,1.63,1.6,1.61,1.61,1.62,1.73,1.78,2.07,2.21
2019-12-02,1.6,1.6,1.62,1.6,1.61,1.63,1.65,1.77,1.83,2.15,2.28
2019-12-03,1.56,1.57,1.57,1.57,1.53,1.54,1.54,1.65,1.72,2.03,2.17
2019-12-04,1.59,1.55,1.56,1.56,1.58,1.58,1.6,1.71,1.77,2.08,2.22
2019-12-05,1.52,1.54,1.55,1.56,1.58,1.6,1.62,1.73,1.8,2.11,2.24
2019-12-06,1.52,1.53,1.56,1.57,1.61,1.64,1.67,1.78,1.84,2.14,2.29
2019-12-09,1.54,1.54,1.58,1.56,1.63,1.63,1.67,1.77,1.83,2.13,2.27
2019-12-10,1.53,1.56,1.57,1.56,1.65,1.67,1.68,1.78,1.85,2.12,2.26
2019-12-11,1.54,1.57,1.58,1.55,1.61,1.62,1.64,1.74,1.79,2.08,2.23
2019-12-12,1.57,1.56,1.57,1.55,1.66,1.69,1.73,1.84,1.9,2.18,2.32
2019-12-13,1.55,1.57,1.56,1.54,1.61,1.62,1.66,1.76,1.82,2.11,2.26
2019-12-16,1.57,1.57,1.58,1.54,1.65,1.67,1.72,1.82,1.89,2.17,2.3
2019-12-17,1.56,1.56,1.58,1.53,1.63,1.66,1.71,1.82,1.89,2.18,2.31
2019-12-18,1.56,1.56,1.58,1.54,1.63,1.67,1.74,1.86,1.92,2.22,2.35
2019-12-19,1.54,1.57,1.57,1.52,1.62,1.65,1.73,1.84,1.92,2.21,2.35
2019-12-20,1.57,1.58,1.58,1.52,1.63,1.67,1.73,1.84,1.92,2.21,2.34
2019-12-23,1.57,1.59,1.6,1.53,1.64,1.67,1.75,1.86,1.93,2.22,2.35
2019-12-24,1.55,1.58,1.61,1.53,1.62,1.64,1.72,1.83,1.9,2.2,2.33
2019-12-26,1.59,1.58,1.61,1.53,1.64,1.65,1.72,1.85,1.9,2.19,2.33
2019-12-27,1.56,1.57,1.59,1.51,1.59,1.6,1.68,1.8,1.88,2.18,2.32
2019-12-30,1.51,1.57,1.6,1.57,1.58,1.59,1.68,1.81,1.9,2.21,2.34
2019-12-31,1.48,1.55,1.6,1.59,1.58,1.62,1.69,1.83,1.92,2.25,2.39
